"","ONS Code","Local Authority","2010.000000","2011.000000","2012.000000","2013.000000","2014.000000","2015.000000","2016.000000","Number of Households 2016 ('000s)2","rate","change10to16","percchange10to16"
"1",NA,NA,NA,NA,NA,NA,NA,NA,NA,NA,NA,NA,NA
"2",NA,"England",1768,2181,2309,2414,2744,3569,4134,23228.921,0.18,2366,1.33823529411765
"3",NA,"% change from previous year",NA,0.233597285067873,0.0586886749197616,0.0454742312689476,0.136702568351284,0.300655976676385,0.158307649201457,NA,NA,NA,NA
"4",NA,NA,NA,NA,NA,NA,NA,NA,NA,NA,NA,NA,NA
"5",NA,"London",415,446,557,543,742,940,964,3589.324,0.27,549,1.32289156626506
"6",NA,"% change from previous year",NA,0.0746987951807229,0.248878923766816,-0.0251346499102334,0.366482504604052,0.266846361185984,0.025531914893617,NA,NA,NA,NA
"7",NA,"% of England total",0.23472850678733,0.204493351673544,0.241229969683846,0.224937862468931,0.270408163265306,0.263379097786495,0.233188195452346,NA,NA,-0.00154031133498392,-0.00656209744638932
"8",NA,"Rest of England",1353,1735,1752,1871,2002,2629,3170,19639.597,0.16,1817,1.34294161123429
"9",NA,"% change from previous year",NA,0.282335550628234,0.00979827089337176,0.0679223744292237,0.0700160342063068,0.313186813186813,0.205781666032712,NA,NA,NA,NA
"10",NA,"% of England total",0.76527149321267,0.795506648326456,0.758770030316154,0.775062137531069,0.729591836734694,0.736620902213505,0.77,NA,NA,0.00472850678733039,0.00617886178861798
"11",NA,NA,NA,NA,NA,NA,NA,NA,NA,NA,NA,NA,NA
"12","E07000223","Adur",0,0,0,1,2,0,3,28.275,0.106100795755968,3,Inf
"13","E07000026","Allerdale",1,1,1,3,3,0,3,43.033,0.0697139404642948,2,2
"14","E07000032","Amber Valley",2,3,2,6,6,4,4,54.555,0.0733205022454404,2,1
"15","E07000224","Arun",25,10,26,18,13,15,19,70.554,0.269297275845452,-6,-0.24
"16","E07000170","Ashfield",1,2,3,12,4,8,9,53.514,0.168180289270098,8,8
"17","E07000105","Ashford",2,7,4,1,5,5,8,51.948,0.154000154000154,6,3
"18","E07000004","Aylesbury Vale",10,10,4,14,17,15,26,75.782,0.343089387981315,16,1.6
"19","E07000200","Babergh",2,0,2,4,0,2,7,39.02,0.17939518195797,5,2.5
"20","E09000002","Barking and Dagenham",2,13,8,0,4,20,5,77.025,0.0649139889646219,3,1.5
"21","E09000003","Barnet",7,14,20,24,14,21,22,151.346,0.14536228245213,15,2.14285714285714
"22","E08000016","Barnsley",3,2,5,0,3,9,2,105.792,0.0189050211736237,-1,-0.333333333333333
"23","E07000027","Barrow-in-Furness",2,5,2,1,0,4,4,30.769,0.130000975007313,2,1
"24","E07000066","Basildon",9,9,6,4,0,13,17,77.107,0.220472849417044,8,0.888888888888889
"25","E07000084","Basingstoke and Deane",3,4,8,5,8,20,26,73.645,0.353045013239188,23,7.66666666666667
"26","E07000171","Bassetlaw",1,1,2,17,18,23,10,49.293,0.202868561459031,9,9
"27","E06000022","Bath and North East Somerset",9,4,22,33,27,22,25,76.313,0.327598181174898,16,1.77777777777778
"28","E06000055","Bedford",12,17,19,26,25,51,59,69.126,0.853513873217024,47,3.91666666666667
"29","E09000004","Bexley",8,4,5,4,7,6,11,98.034,0.11220596935757,3,0.375
"30","E08000025","Birmingham",9,7,8,14,20,36,55,431.219,0.127545400365012,46,5.11111111111111
"31","E07000129","Blaby",0,0,1,0,0,0,0,40.111,0,0,NA
"32","E06000008","Blackburn with Darwen",1,2,2,0,0,2,2,57.502,0.0347813989078641,1,1
"33","E06000009","Blackpool",4,5,3,1,3,5,11,63.891,0.172168224006511,7,1.75
"34","E07000033","Bolsover",2,1,2,4,2,4,7,33.938,0.206258471330072,5,2.5
"35","E08000001","Bolton",2,1,1,1,4,8,8,119.574,0.0669041764932176,6,3
"36","E07000136","Boston",9,9,7,5,4,7,5,28.615,0.174733531364669,-4,-0.444444444444444
"37","E06000028","Bournemouth",12,16,11,16,31,47,39,88.825,0.439065578384464,27,2.25
"38","E06000036","Bracknell Forest",1,1,1,2,4,5,10,49.351,0.202630139206906,9,9
"39","E08000032","Bradford",23,30,26,12,10,16,10,205.95,0.0485554746297645,-13,-0.565217391304348
"40","E07000067","Braintree",1,8,4,1,3,4,1,64.179,0.0155814207139407,0,0
"41","E07000143","Breckland",8,5,7,4,6,4,3,57.652,0.0520363560674391,-5,-0.625
"42","E09000005","Brent",3,7,11,6,11,55,24,121.737,0.197146307203233,21,7
"43","E07000068","Brentwood",1,0,1,0,0,0,1,32.238,0.0310192940008685,0,0
"44","E06000043","Brighton and Hove",14,37,43,50,41,78,144,128.108,1.12405158147813,130,9.28571428571429
"45","E06000023","Bristol, City of",8,8,9,41,41,97,74,192.517,0.384381639024086,66,8.25
"46","E07000144","Broadland",0,3,1,1,1,1,0,55.123,0,0,NA
"47","E09000006","Bromley",2,7,2,5,2,4,3,138.999,0.021582889085533,1,0.5
"48","E07000234","Bromsgrove",7,3,3,1,3,4,2,39.495,0.0506393214330928,-5,-0.714285714285714
"49","E07000095","Broxbourne",1,10,4,6,1,0,3,39.624,0.0757116898849182,2,2
"50","E07000172","Broxtowe",1,1,1,0,0,0,1,48.68,0.0205423171733772,0,0
"51","E07000117","Burnley",3,2,2,2,2,3,4,37.856,0.105663567202029,1,0.333333333333333
"52","E08000002","Bury",3,9,3,10,0,9,3,80.496,0.0372689326177698,0,0
"53","E08000033","Calderdale",3,4,2,5,4,2,6,92.634,0.0647710343934193,3,1
"54","E07000008","Cambridge",6,12,20,9,10,18,40,49.783,0.803487134162264,34,5.66666666666667
"55","E09000007","Camden",11,7,5,4,5,15,17,109.538,0.15519728313462,6,0.545454545454545
"56","E07000192","Cannock Chase",0,2,1,2,5,4,4,42.248,0.0946790380609733,4,Inf
"57","E07000106","Canterbury",3,22,20,22,38,47,50,64.965,0.769645193565766,47,15.6666666666667
"58","E07000028","Carlisle",1,1,1,6,0,0,1,49.377,0.0202523442088422,0,0
"59","E07000069","Castle Point",1,1,1,2,0,0,0,37.395,0,-1,-1
"60","E06000056","Central Bedfordshire",5,5,11,13,18,10,19,115.021,0.165187226680345,14,2.8
"61","E07000130","Charnwood",3,2,3,4,4,3,1,71.708,0.0139454454175266,-2,-0.666666666666667
"62","E07000070","Chelmsford",10,9,8,11,10,12,14,73.119,0.191468701705439,4,0.4
"63","E07000078","Cheltenham",1,3,6,3,0,1,11,52.555,0.20930453810294,10,10
"64","E07000177","Cherwell",0,0,2,14,14,21,17,59.696,0.284776199410346,17,Inf
"65","E06000049","Cheshire East",0,3,3,4,12,0,4,164.644,0.0242948422049999,4,Inf
"66","E06000050","Cheshire West and Chester",2,4,3,0,5,5,7,144.393,0.0484788043741733,5,2.5
"67","E07000034","Chesterfield",6,4,3,9,8,0,10,47.935,0.208615833941796,4,0.666666666666667
"68","E07000225","Chichester",15,15,26,19,14,17,19,51.787,0.366887442794524,4,0.266666666666667
"69","E07000005","Chiltern",0,0,2,4,3,1,1,37.918,0.0263726989820138,1,Inf
"70","E07000118","Chorley",2,0,0,1,0,1,0,48.254,0,-2,-1
"71","E07000048","Christchurch",0,0,8,1,2,8,10,22.281,0.448812889906198,10,Inf
"72","E09000001","City of London",20,18,21,35,50,48,50,5,10,30,1.5
"73","E07000071","Colchester",10,24,25,35,2,9,20,76.816,0.260362424494897,10,1
"74","E07000029","Copeland",1,2,0,0,1,2,0,30.613,0,-1,-1
"75","E07000150","Corby",4,10,2,10,9,10,6,27.821,0.215664426152906,2,0.5
"76","E06000052","Cornwall",65,80,50,77,40,65,99,241.264,0.410338881888719,34,0.523076923076923
"77","E07000079","Cotswold",7,5,4,2,4,4,6,37.724,0.159049941681688,-1,-0.142857142857143
"78","E06000047","County Durham",2,2,11,3,13,3,12,229.685,0.0522454666173237,10,5
"79","E08000026","Coventry",5,8,12,26,6,9,13,141.609,0.0918020747268888,8,1.6
"80","E07000163","Craven",1,2,0,2,3,3,1,25.116,0.0398152572065616,0,0
"81","E07000226","Crawley",16,11,17,17,21,33,15,45.587,0.329041174018909,-1,-0.0625
"82","E09000008","Croydon",4,18,22,25,30,51,68,157.169,0.432655294619168,64,16
"83","E07000096","Dacorum",7,4,7,9,7,4,6,63.822,0.0940114693992667,-1,-0.142857142857143
"84","E06000005","Darlington",2,0,1,2,1,1,5,47.266,0.105784284686667,3,1.5
"85","E07000107","Dartford",0,15,16,12,19,10,9,43.408,0.207335053446369,9,Inf
"86","E07000151","Daventry",6,2,0,0,1,1,4,33.042,0.121058047333697,-2,-0.333333333333333
"87","E06000015","Derby",4,21,24,47,26,10,21,105.837,0.198418322514811,17,4.25
"88","E07000035","Derbyshire Dales",0,3,2,3,3,3,2,31.485,0.0635223122121645,2,Inf
"89","E08000017","Doncaster",5,2,1,9,9,9,13,129.574,0.10032876966058,8,1.6
"90","E07000108","Dover",8,14,5,5,4,9,9,50.371,0.178674237160271,1,0.125
"91","E08000027","Dudley",3,4,4,6,6,3,3,132.192,0.0226942628903413,0,0
"92","E09000009","Ealing",5,15,11,15,17,31,27,132.059,0.204454069771844,22,4.4
"93","E07000009","East Cambridgeshire",3,4,3,2,1,1,4,36.769,0.108787293644102,1,0.333333333333333
"94","E07000040","East Devon",3,8,5,4,6,8,5,61.952,0.0807076446280992,2,0.666666666666667
"95","E07000049","East Dorset",0,0,1,0,0,3,0,38.63,0,0,NA
"96","E07000085","East Hampshire",3,2,2,2,1,1,2,49.161,0.040682654950062,-1,-0.333333333333333
"97","E07000242","East Hertfordshire",7,3,4,2,5,5,9,61.03,0.147468458135343,2,0.285714285714286
"98","E07000137","East Lindsey",7,10,3,2,1,6,7,62.345,0.112278450557382,0,0
"99","E07000152","East Northamptonshire",3,3,3,3,3,3,4,37.619,0.106329248518036,1,0.333333333333333
"100","E06000011","East Riding of Yorkshire",11,15,11,8,9,16,13,146.987,0.0884431956567588,2,0.181818181818182
"101","E07000193","East Staffordshire",4,4,7,2,3,7,6,49.356,0.12156576707999,2,0.5
"102","E07000061","Eastbourne",6,3,11,6,11,10,19,47.179,0.402721549842091,13,2.16666666666667
"103","E07000086","Eastleigh",2,3,2,2,1,0,0,54.941,0,-2,-1
"104","E07000030","Eden",0,0,1,0,0,3,0,23.443,0,0,NA
"105","E07000207","Elmbridge",4,1,3,3,2,7,4,54.254,0.0737272827809931,0,0
"106","E09000010","Enfield",5,3,4,5,8,7,6,130.896,0.0458379171250458,1,0.2
"107","E07000072","Epping Forest",0,0,0,2,3,1,2,54.867,0.036451783403503,2,Inf
"108","E07000208","Epsom and Ewell",1,3,4,4,7,6,3,31.764,0.0944465432565168,2,2
"109","E07000036","Erewash",1,3,4,4,5,1,4,50.628,0.0790076637433831,3,3
"110","E07000041","Exeter",21,29,30,23,34,27,41,53.359,0.768380217020559,20,0.952380952380952
"111","E07000087","Fareham",6,3,1,8,8,6,18,48.707,0.369556737224629,12,2
"112","E07000010","Fenland",11,7,8,10,7,6,7,42.909,0.163135938847328,-4,-0.363636363636364
"113","E07000201","Forest Heath",2,3,1,1,2,4,6,26.73,0.224466891133558,4,2
"114","E07000080","Forest of Dean",2,2,1,0,0,2,0,35.809,0,-2,-1
"115","E07000119","Fylde",6,0,2,4,6,1,5,36.338,0.137597005889152,-1,-0.166666666666667
"116","E08000037","Gateshead",1,3,10,0,0,1,4,90.688,0.0441072688779111,3,3
"117","E07000173","Gedling",1,1,0,0,0,0,0,51.318,0,-1,-1
"118","E07000081","Gloucester",14,8,11,11,17,13,23,53.525,0.429705744978982,9,0.642857142857143
"119","E07000088","Gosport",4,2,1,6,1,4,6,37.075,0.161834120026972,2,0.5
"120","E07000109","Gravesham",1,8,10,8,3,6,12,43.106,0.278383519695634,11,11
"121","E07000145","Great Yarmouth",4,10,6,7,12,9,7,43.579,0.160627825328713,3,0.75
"122","E09000011","Greenwich",2,6,5,1,16,14,8,113.367,0.0705672726631207,6,3
"123","E07000209","Guildford",6,4,10,8,10,14,13,57.583,0.225761075317368,7,1.16666666666667
"124","E09000012","Hackney",8,14,7,12,12,20,17,115.543,0.147131371004734,9,1.125
"125","E06000006","Halton",0,0,0,2,1,1,3,54.77,0.0547745115939383,3,Inf
"126","E07000164","Hambleton",1,0,1,0,0,0,0,39.316,0,-1,-1
"127","E09000013","Hammersmith and Fulham",15,8,8,10,8,5,6,82.623,0.0726190043934498,-9,-0.6
"128","E07000131","Harborough",0,0,0,0,0,2,1,37.179,0.0268969041663305,1,Inf
"129","E09000014","Haringey",8,8,6,5,1,22,29,114.706,0.252820253517689,21,2.625
"130","E07000073","Harlow",7,9,9,8,19,15,20,36.198,0.552516713630587,13,1.85714285714286
"131","E07000165","Harrogate",14,5,8,2,6,7,8,68.507,0.116776387814384,-6,-0.428571428571429
"132","E09000015","Harrow",4,1,2,4,4,6,10,91.347,0.109472670147898,6,1.5
"133","E07000089","Hart",0,1,1,1,1,1,0,37.096,0,0,NA
"134","E06000001","Hartlepool",1,0,2,0,1,4,4,41.798,0.095698358773147,3,3
"135","E07000062","Hastings",3,5,3,15,12,16,26,42.341,0.614062020264047,23,7.66666666666667
"136","E07000090","Havant",5,3,3,0,3,10,8,52.884,0.151274487557673,3,0.6
"137","E09000016","Havering",4,3,3,2,8,10,24,102.436,0.234292631496739,20,5
"138","E06000019","Herefordshire, County of",42,14,26,23,12,12,21,81.961,0.256219421432145,-21,-0.5
"139","E07000098","Hertsmere",0,0,1,2,3,10,7,41.785,0.167524231183439,7,Inf
"140","E07000037","High Peak",1,1,2,2,2,3,1,40.068,0.0249575721273834,0,0
"141","E09000017","Hillingdon",9,15,20,38,45,36,28,111.711,0.250646758152733,19,2.11111111111111
"142","E07000132","Hinckley and Bosworth",0,1,2,3,2,1,1,47.397,0.0210983817541195,1,Inf
"143","E07000227","Horsham",6,2,2,5,2,3,6,57.805,0.103797249372892,0,0
"144","E09000018","Hounslow",8,45,12,17,32,27,34,105.895,0.321072760753577,26,3.25
"145","E07000011","Huntingdonshire",1,2,2,1,3,2,3,73.76,0.0406724511930586,2,2
"146","E07000120","Hyndburn",1,2,2,3,4,4,2,34.482,0.0580012760280726,1,1
"147","E07000202","Ipswich",13,7,7,5,8,16,27,59.358,0.45486707773173,14,1.07692307692308
"148","E06000046","Isle of Wight",1,9,2,9,4,4,16,63.038,0.253815159110378,15,15
"149","E06000053","Isles of Scilly",0,0,0,0,0,0,1,1.004,0.99601593625498,1,Inf
"150","E09000019","Islington",3,5,10,19,21,9,11,105.771,0.103998260392735,8,2.66666666666667
"151","E09000020","Kensington and Chelsea",32,19,27,23,34,24,14,79.188,0.176794463807648,-18,-0.5625
"152","E07000153","Kettering",3,1,7,11,6,5,3,42.182,0.071120383101797,0,0
"153","E07000146","King's Lynn and West Norfolk",8,5,6,3,3,5,42,65.082,0.64533972526966,34,4.25
"154","E06000010","Kingston upon Hull, City of",7,15,10,13,10,23,15,114.818,0.13064153704123,8,1.14285714285714
"155","E09000021","Kingston upon Thames",5,5,6,11,11,14,23,70.076,0.32821508076945,18,3.6
"156","E08000034","Kirklees",5,11,9,4,4,6,5,180.987,0.0276262936011979,0,0
"157","E08000011","Knowsley",1,1,3,1,0,1,2,62.93,0.031781344350866,1,1
"158","E09000022","Lambeth",13,18,21,21,18,27,17,143.381,0.118565221333371,4,0.307692307692308
"159","E07000121","Lancaster",2,4,4,5,6,8,8,60.04,0.133244503664224,6,3
"160","E08000035","Leeds",6,11,11,13,15,13,20,331.431,0.0603443854075207,14,2.33333333333333
"161","E06000016","Leicester",19,50,11,11,19,22,36,130.107,0.276695335377804,17,0.894736842105263
"162","E07000063","Lewes",4,3,0,0,0,9,3,44.518,0.0673884720787097,-1,-0.25
"163","E09000023","Lewisham",13,18,43,16,11,9,16,129.445,0.123604619722662,3,0.230769230769231
"164","E07000194","Lichfield",1,0,1,3,1,3,1,42.891,0.0233149145508382,0,0
"165","E07000138","Lincoln",8,9,5,11,8,14,12,41.547,0.288829518376778,4,0.5
"166","E08000012","Liverpool",3,9,6,6,8,15,21,216.438,0.0970254761178721,18,6
"167","E06000032","Luton",3,3,25,22,33,53,76,80.504,0.944052469442512,73,24.3333333333333
"168","E07000110","Maidstone",27,19,19,14,25,38,35,68.28,0.512595196250732,8,0.296296296296296
"169","E07000074","Maldon",1,1,0,0,1,1,3,26.913,0.111470293166871,2,2
"170","E07000235","Malvern Hills",4,3,6,2,3,4,1,33.545,0.0298107020420331,-3,-0.75
"171","E08000003","Manchester",7,15,27,24,43,70,78,220.121,0.354350561736499,71,10.1428571428571
"172","E07000174","Mansfield",7,7,9,5,8,8,27,46.534,0.580220913740491,20,2.85714285714286
"173","E06000035","Medway",7,12,17,6,2,14,14,114.119,0.12267895792988,7,1
"174","E07000133","Melton",0,0,1,1,0,0,0,22.249,0,0,NA
"175","E07000187","Mendip",16,21,19,16,20,20,16,48.326,0.331084716301784,0,0
"176","E09000024","Merton",6,2,9,9,9,6,11,83.8,0.13126491646778,5,0.833333333333333
"177","E07000042","Mid Devon",0,5,3,1,4,7,4,34.116,0.117247039512252,4,Inf
"178","E07000203","Mid Suffolk",0,0,2,0,0,2,1,42.827,0.0233497559950499,1,Inf
"179","E07000228","Mid Sussex",3,5,6,6,11,6,7,61.122,0.114525048264127,4,1.33333333333333
"180","E06000002","Middlesbrough",20,5,7,6,5,5,2,58.278,0.0343182676138509,-18,-0.9
"181","E06000042","Milton Keynes",6,8,6,8,14,29,38,106.505,0.356790760997136,32,5.33333333333333
"182","E07000210","Mole Valley",0,0,2,2,4,3,1,36.951,0.0270628670401342,1,Inf
"183","E07000091","New Forest",1,4,4,3,9,2,4,79.553,0.0502809447789524,3,3
"184","E07000175","Newark and Sherwood",4,5,5,4,5,10,6,51.196,0.117196655988749,2,0.5
"185","E08000021","Newcastle upon Tyne",3,6,9,6,7,8,5,123.837,0.0403756550950039,2,0.666666666666667
"186","E07000195","Newcastle-under-Lyme",1,4,1,4,3,7,0,54.444,0,-1,-1
"187","E09000025","Newham",7,10,55,22,16,28,41,118.846,0.3449842653518,34,4.85714285714286
"188","E07000043","North Devon",12,16,11,7,11,28,16,41.012,0.390129718131279,4,0.333333333333333
"189","E07000050","North Dorset",3,6,2,0,0,0,1,30.355,0.0329435018942514,-2,-0.666666666666667
"190","E07000038","North East Derbyshire",0,1,5,0,2,3,2,43.998,0.0454566116641666,2,Inf
"191","E06000012","North East Lincolnshire",4,2,9,6,7,6,13,70.835,0.183525093527211,9,2.25
"192","E07000099","North Hertfordshire",8,2,2,0,3,5,2,56.77,0.035229874933944,-6,-0.75
"193","E07000139","North Kesteven",0,0,0,0,0,0,3,48.468,0.0618965090368903,3,Inf
"194","E06000013","North Lincolnshire",7,16,15,9,6,6,11,72.879,0.150935111623376,4,0.571428571428571
"195","E07000147","North Norfolk",3,0,2,5,1,3,2,47.94,0.0417188151856487,-1,-0.333333333333333
"196","E06000024","North Somerset",2,2,2,1,7,6,8,93.148,0.0858848284450552,6,3
"197","E08000022","North Tyneside",8,8,3,0,0,1,1,94.469,0.0105854830685198,-7,-0.875
"198","E07000218","North Warwickshire",1,2,1,1,0,5,6,26.504,0.226380923634168,5,5
"199","E07000134","North West Leicestershire",3,1,1,0,0,0,1,40.747,0.0245416840503595,-2,-0.666666666666667
"200","E07000154","Northampton",4,15,5,9,19,25,14,94.863,0.147581248748195,10,2.5
"201","E06000057","Northumberland",6,5,3,2,6,5,0,141.528,0,-6,-1
"202","E07000148","Norwich",4,6,6,5,13,13,34,63.509,0.535357193468642,30,7.5
"203","E06000018","Nottingham",3,10,7,9,9,14,35,131.685,0.265785776664009,32,10.6666666666667
"204","E07000219","Nuneaton and Bedworth",2,2,1,2,6,1,2,54.26,0.0368595650571323,0,0
"205","E07000135","Oadby and Wigston",1,0,2,1,1,2,1,21.459,0.046600493965236,0,0
"206","E08000004","Oldham",1,0,1,2,0,2,3,93.164,0.0322012794641707,2,2
"207","E07000178","Oxford",11,8,12,19,26,39,33,59.373,0.555808195644485,22,2
"208","E07000122","Pendle",2,1,2,1,1,0,1,38.315,0.0260994388620645,-1,-0.5
"209","E06000031","Peterborough",21,17,12,11,17,15,21,79.103,0.265476657016801,0,0
"210","E06000026","Plymouth",9,18,10,9,13,12,20,113.339,0.176461765147037,11,1.22222222222222
"211","E06000029","Poole",9,10,16,7,7,10,11,66.16,0.166263603385732,2,0.222222222222222
"212","E06000044","Portsmouth",5,11,11,7,8,15,37,89.527,0.413283143632647,32,6.4
"213","E07000123","Preston",3,8,3,5,8,8,17,58.439,0.290901623915536,14,4.66666666666667
"214","E07000051","Purbeck",2,3,1,1,0,5,2,20.163,0.0991915885532907,0,0
"215","E06000038","Reading",6,5,4,8,12,16,22,66.13,0.332678058369878,16,2.66666666666667
"216","E09000026","Redbridge",20,17,14,17,19,43,60,109.632,0.547285464098074,40,2
"217","E06000003","Redcar and Cleveland",1,1,1,3,0,3,0,60.374,0,-1,-1
"218","E07000236","Redditch",1,3,3,2,3,0,5,35.559,0.14061137827273,4,4
"219","E07000211","Reigate and Banstead",4,5,6,6,7,3,1,59.501,0.0168064402278953,-3,-0.75
"220","E07000124","Ribble Valley",0,0,1,1,1,2,1,25.14,0.0397772474144789,1,Inf
"221","E09000027","Richmond upon Thames",6,8,8,15,10,11,19,85.027,0.223458430851377,13,2.16666666666667
"222","E07000166","Richmondshire",0,0,3,0,0,0,0,21.415,0,0,NA
"223","E08000005","Rochdale",5,5,8,6,17,2,12,89.822,0.133597559617911,7,1.4
"224","E07000075","Rochford",0,0,1,1,0,0,0,34.735,0,0,NA
"225","E07000125","Rossendale",2,1,4,2,2,0,1,30.115,0.033206043499917,-1,-0.5
"226","E07000064","Rother",6,5,5,5,0,5,1,42.663,0.023439514333263,-5,-0.833333333333333
"227","E08000018","Rotherham",0,1,5,5,3,3,6,110.93,0.0540881637068421,6,Inf
"228","E07000220","Rugby",12,3,19,6,2,19,0,43.973,0,-12,-1
"229","E07000212","Runnymede",1,8,6,2,13,3,5,34.946,0.143077891604189,4,4
"230","E07000176","Rushcliffe",4,5,0,1,0,3,0,48.098,0,-4,-1
"231","E07000092","Rushmoor",0,3,4,7,11,15,9,38.123,0.236077958187971,9,Inf
"232","E06000017","Rutland",2,2,0,0,0,0,2,15.781,0.126734680945441,0,0
"233","E07000167","Ryedale",2,1,0,0,0,2,1,23.384,0.0427642832706124,-1,-0.5
"234","E08000006","Salford",4,11,10,7,14,16,26,111.088,0.234048682125882,22,5.5
"235","E08000028","Sandwell",2,15,14,3,2,4,11,127.538,0.0862488042779407,9,4.5
"236","E07000168","Scarborough",2,5,4,7,5,5,8,49.778,0.160713568242999,6,3
"237","E07000188","Sedgemoor",4,9,5,2,4,6,2,52.137,0.0383604733682414,-2,-0.5
"238","E08000014","Sefton",4,6,7,9,11,4,4,120.561,0.0331782251308466,0,0
"239","E07000169","Selby",1,1,1,1,0,0,0,36.315,0,-1,-1
"240","E07000111","Sevenoaks",0,1,2,2,0,6,2,49.274,0.0405893574704712,2,Inf
"241","E08000019","Sheffield",8,11,11,17,10,11,15,239.467,0.0626391110257363,7,0.875
"242","E07000112","Shepway",9,12,5,4,4,13,9,49.91,0.180324584251653,0,0
"243","E06000051","Shropshire",10,13,10,12,10,7,13,135.511,0.0959331714768543,3,0.3
"244","E06000039","Slough",14,7,8,30,26,17,25,54.782,0.456354276952284,11,0.785714285714286
"245","E08000029","Solihull",3,5,6,5,6,5,6,88.664,0.0676712081566363,3,1
"246","E07000006","South Bucks",0,0,0,2,0,0,4,27.839,0.143683321958404,4,Inf
"247","E07000012","South Cambridgeshire",0,1,0,2,1,0,0,64.255,0,0,NA
"248","E07000039","South Derbyshire",1,1,1,0,2,1,1,41.935,0.0238464289972577,0,0
"249","E06000025","South Gloucestershire",2,1,2,1,1,3,3,114.595,0.026179152668092,1,0.5
"250","E07000044","South Hams",5,6,7,8,7,9,3,38.053,0.0788374109794234,-2,-0.4
"251","E07000140","South Holland",6,0,1,2,6,3,4,38.89,0.102854204165595,-2,-0.333333333333333
"252","E07000141","South Kesteven",1,0,1,1,2,2,1,60.835,0.0164379058107997,0,0
"253","E07000031","South Lakeland",2,8,4,1,0,0,3,47.145,0.0636334712058543,1,0.5
"254","E07000149","South Norfolk",0,3,0,0,0,0,0,56.66,0,0,NA
"255","E07000155","South Northamptonshire",0,0,6,2,2,0,3,36.782,0.0815616334076451,3,Inf
"256","E07000179","South Oxfordshire",1,0,0,5,3,5,7,56.52,0.123849964614296,6,6
"257","E07000126","South Ribble",3,5,3,3,2,0,2,47.099,0.0424637465763604,-1,-0.333333333333333
"258","E07000189","South Somerset",0,9,1,1,2,5,8,72.712,0.110023104852019,8,Inf
"259","E07000196","South Staffordshire",3,3,1,0,0,2,1,46.676,0.0214242865712572,-2,-0.666666666666667
"260","E08000023","South Tyneside",2,0,13,2,1,0,4,68.716,0.0582106059724082,2,1
"261","E06000045","Southampton",5,24,18,13,19,31,23,103.301,0.222650313162506,18,3.6
"262","E06000033","Southend-on-Sea",8,8,15,19,14,40,44,78.426,0.561038431132533,36,4.5
"263","E09000028","Southwark",29,10,25,24,22,32,32,133.464,0.239765030270335,3,0.103448275862069
"264","E07000213","Spelthorne",1,2,3,7,5,12,18,41.415,0.434625135820355,17,17
"265","E07000240","St Albans",2,11,9,16,11,19,13,59.043,0.220178513964399,11,5.5
"266","E07000204","St Edmundsbury",1,1,3,2,3,7,15,47.614,0.315033393539715,14,14
"267","E08000013","St. Helens",2,2,2,1,0,2,2,78.156,0.0255898459491274,0,0
"268","E07000197","Stafford",1,2,1,4,2,5,15,57.651,0.260186293386064,14,14
"269","E07000198","Staffordshire Moorlands",0,1,3,3,2,4,2,42.654,0.046888920148169,2,Inf
"270","E07000243","Stevenage",7,5,4,13,8,5,17,36.976,0.459757680657724,10,1.42857142857143
"271","E08000007","Stockport",1,0,4,3,7,9,10,125.949,0.0793972163335953,9,9
"272","E06000004","Stockton-on-Tees",0,0,0,0,1,3,4,81.979,0.0487929835689628,4,Inf
"273","E06000021","Stoke-on-Trent",2,16,2,16,15,14,17,109.311,0.155519572595622,15,7.5
"274","E07000221","Stratford-on-Avon",8,12,9,8,9,9,13,53.7,0.242085661080074,5,0.625
"275","E07000082","Stroud",4,5,5,5,1,1,2,50.253,0.0397986189879211,-2,-0.5
"276","E07000205","Suffolk Coastal",3,2,2,2,2,4,6,55.18,0.108735048930772,3,1
"277","E08000024","Sunderland",3,2,2,1,0,4,4,122.549,0.0326400052224008,1,0.333333333333333
"278","E07000214","Surrey Heath",0,2,1,0,4,18,12,34.926,0.343583576705033,12,Inf
"279","E09000029","Sutton",0,4,4,0,8,6,8,84.434,0.0947485610062297,8,Inf
"280","E07000113","Swale",0,2,6,5,2,6,6,59.689,0.10052103402637,6,Inf
"281","E06000030","Swindon",6,7,6,6,10,18,28,93.54,0.299337181954244,22,3.66666666666667
"282","E08000008","Tameside",9,7,0,2,7,14,19,97.49,0.194891783772695,10,1.11111111111111
"283","E07000199","Tamworth",2,3,3,3,2,5,8,32.405,0.246875482178676,6,3
"284","E07000215","Tandridge",1,2,1,1,2,2,2,35.534,0.0562841222491135,1,1
"285","E07000190","Taunton Deane",12,25,15,7,18,21,20,49.772,0.401832355541268,8,0.666666666666667
"286","E07000045","Teignbridge",3,8,4,0,4,1,3,56.734,0.0528783445552931,0,0
"287","E06000020","Telford and Wrekin",2,8,11,6,4,8,9,69.4,0.129682997118156,7,3.5
"288","E07000076","Tendring",0,5,2,3,7,7,5,63.832,0.0783306178719138,5,Inf
"289","E07000093","Test Valley",2,7,6,6,7,3,5,50.109,0.0997824742062304,3,1.5
"290","E07000083","Tewkesbury",2,2,2,1,4,0,0,37.891,0,-2,-1
"291","E07000114","Thanet",1,9,8,14,15,17,33,63.042,0.523460550109451,32,32
"292","E07000102","Three Rivers",2,1,4,0,0,1,1,37.142,0.0269236982391901,-1,-0.5
"293","E06000034","Thurrock",2,8,6,3,10,7,4,66.197,0.0604256990498059,2,1
"294","E07000115","Tonbridge and Malling",1,4,3,4,7,0,4,51.075,0.0783162016642193,3,3
"295","E06000027","Torbay",6,3,6,5,17,21,20,61.123,0.327209070235427,14,2.33333333333333
"296","E07000046","Torridge",10,4,1,3,5,0,2,29.555,0.0676704449331754,-8,-0.8
"297","E09000030","Tower Hamlets",11,9,7,4,6,12,11,124.526,0.0883349661917993,0,0
"298","E08000009","Trafford",3,1,2,2,2,1,2,99.425,0.0201156650741765,-1,-0.333333333333333
"299","E07000116","Tunbridge Wells",9,13,10,12,15,15,15,49.421,0.303514700228648,6,0.666666666666667
"300","E07000077","Uttlesford",0,0,0,2,3,2,0,34.351,0,0,NA
"301","E07000180","Vale of White Horse",0,0,0,5,5,5,8,52.47,0.152468076996379,8,Inf
"302","E08000036","Wakefield",10,14,17,7,9,5,7,145.604,0.0480756023186176,-3,-0.3
"303","E08000030","Walsall",8,13,9,8,5,7,26,111.7,0.232766338406446,18,2.25
"304","E09000031","Waltham Forest",2,4,15,3,10,33,47,105.913,0.44376044489345,45,22.5
"305","E09000032","Wandsworth",15,5,10,7,8,23,5,137.031,0.036488093934949,-10,-0.666666666666667
"306","E06000007","Warrington",7,11,7,11,5,5,5,89.738,0.055717756134525,-2,-0.285714285714286
"307","E07000222","Warwick",12,13,11,14,14,19,18,60.655,0.296760366004451,6,0.5
"308","E07000103","Watford",8,5,8,15,22,12,13,39.965,0.32528462404604,5,0.625
"309","E07000206","Waveney",3,5,8,6,3,6,20,51.894,0.385401009750646,17,5.66666666666667
"310","E07000216","Waverley",0,2,0,3,0,2,4,50.657,0.0789624336222042,4,Inf
"311","E07000065","Wealden",0,0,0,0,1,0,7,67.398,0.103860648683937,7,Inf
"312","E07000156","Wellingborough",0,0,4,7,5,7,5,32.973,0.151639219967852,5,Inf
"313","E07000241","Welwyn Hatfield",1,1,2,1,1,14,3,47.238,0.0635081925568398,2,2
"314","E06000037","West Berkshire",5,6,11,8,23,15,14,64.361,0.217523034135579,9,1.8
"315","E07000047","West Devon",3,4,2,0,2,0,0,23.858,0,-3,-1
"316","E07000052","West Dorset",2,2,4,3,0,6,2,46.04,0.0434404865334492,0,0
"317","E07000127","West Lancashire",0,1,1,1,0,1,0,46.462,0,0,NA
"318","E07000142","West Lindsey",3,3,0,0,1,0,1,40.363,0.0247751653742289,-2,-0.666666666666667
"319","E07000181","West Oxfordshire",1,5,5,2,3,3,0,45.795,0,-1,-1
"320","E07000191","West Somerset",0,0,0,2,6,4,2,15.691,0.12746160219234,2,Inf
"321","E09000033","Westminster",128,106,131,140,265,265,260,119.359,2.17830243215845,132,1.03125
"322","E07000053","Weymouth and Portland",3,2,5,6,8,6,11,29.006,0.379231883058677,8,2.66666666666667
"323","E08000010","Wigan",6,11,15,13,7,3,28,141.144,0.198378960494247,22,3.66666666666667
"324","E06000054","Wiltshire",13,6,14,5,9,23,18,206.21,0.0872896561757432,5,0.384615384615385
"325","E07000094","Winchester",5,9,7,11,14,5,4,48.926,0.0817561214895965,-1,-0.2
"326","E06000040","Windsor and Maidenhead",6,7,4,7,6,35,8,61.194,0.130731771088669,2,0.333333333333333
"327","E08000015","Wirral",4,5,7,7,5,8,11,143.902,0.0764409111756612,7,1.75
"328","E07000217","Woking",2,2,2,8,9,12,12,40.374,0.297220983801456,10,5
"329","E06000041","Wokingham",1,2,2,3,2,14,11,63.723,0.172622130157086,10,10
"330","E08000031","Wolverhampton",9,12,8,6,7,13,18,105.313,0.17091906982044,9,1
"331","E07000237","Worcester",7,17,34,21,22,27,10,43.728,0.228686425173802,3,0.428571428571429
"332","E07000229","Worthing",5,7,8,17,17,19,11,49.547,0.222011423496882,6,1.2
"333","E07000238","Wychavon",14,14,6,12,8,1,2,51.538,0.0388063176685164,-12,-0.857142857142857
"334","E07000007","Wycombe",15,14,1,9,9,11,13,70.771,0.183691059897416,-2,-0.133333333333333
"335","E07000128","Wyre",0,0,0,1,2,1,0,48.645,0,0,NA
"336","E07000239","Wyre Forest",7,1,9,8,5,5,1,43.928,0.0227645237661628,-6,-0.857142857142857
"337","E06000014","York",2,2,8,9,13,18,18,88.138,0.204225192312056,16,8
"338","Notes",NA,NA,NA,NA,NA,NA,NA,NA,NA,NA,NA,NA
"339","1.","The Autumn rough sleeping counts and estimates were carried out between 1 October and 30 November.",NA,NA,NA,NA,NA,NA,NA,NA,NA,NA,NA
"340","2.","The 2014-based household projections can be found at: ",NA,NA,NA,NA,NA,NA,NA,NA,NA,NA,NA
"341",NA,"https://www.gov.uk/government/statistical-data-sets/live-tables-on-household-projections",NA,NA,NA,NA,NA,NA,NA,NA,NA,NA,NA
"342",NA,"Each Local Authority either conducts a street count or provides an estimate. ",NA,NA,NA,NA,NA,NA,NA,NA,NA,NA,NA
"343",NA,"A count is a single night snapshot of the number of rough sleepers in a local authority area.  Counts are independently verified by Homeless Link.",NA,NA,NA,NA,NA,NA,NA,NA,NA,NA,NA
"344",NA,"An estimate is the number of people thought to be sleeping rough in a local authority area on any one night in a chosen week. Guidance, published in September 2010, enables local authorities to decide whether to provide a count or an estimate in light of their local circumstances: ",NA,NA,NA,NA,NA,NA,NA,NA,NA,NA,NA
"345",NA,"www.gov.uk/government/publications/evaluating-the-extent-of-rough-sleeping--2",NA,NA,NA,NA,NA,NA,NA,NA,NA,NA,NA
"346",NA,"Denotes Local Authority has conducted a street count. ",NA,NA,NA,NA,NA,NA,NA,NA,NA,NA,NA
"347",NA,"Figures in red denotes authorities who reported an estimate of rough sleepers without consultation with any agencies.",NA,NA,NA,NA,NA,NA,NA,NA,NA,NA,NA
"348",NA,"The national total is the sum of all counts and estimates.",NA,NA,NA,NA,NA,NA,NA,NA,NA,NA,NA
"349",NA,"Figures are as reported by local authorities. All local authorities submitted a return containing either a count or an estimate.",NA,NA,NA,NA,NA,NA,NA,NA,NA,NA,NA
"350","Contact",NA,NA,NA,NA,NA,NA,NA,NA,NA,NA,NA,NA
"351",NA,"roughsleepingstatistics@communities.gsi.gov.uk",NA,NA,NA,NA,NA,NA,NA,NA,NA,NA,NA
"352","Source",NA,NA,NA,NA,NA,NA,NA,NA,NA,NA,NA,NA
"353",NA,"DCLG Rough sleeping returns (annual)",NA,NA,NA,NA,NA,NA,NA,NA,NA,NA,NA
"354",NA,NA,NA,NA,NA,NA,NA,NA,NA,NA,NA,NA,NA
"355",NA,"Latest update:",NA,42736,NA,NA,NA,NA,NA,NA,NA,NA,NA
"356",NA,"Next update: ",NA,NA,NA,NA,NA,NA,NA,NA,NA,NA,NA
"357",NA,NA,NA,NA,NA,NA,NA,NA,NA,NA,NA,NA,NA
"358",NA,NA,NA,NA,NA,NA,NA,NA,NA,NA,NA,NA,NA
"359",NA,NA,NA,NA,NA,NA,NA,NA,NA,NA,NA,NA,NA
"360",NA,NA,NA,NA,NA,NA,NA,NA,NA,NA,NA,NA,NA
